,user_id,time_stamp,url_level1,url_level2,url_level3,activity
0,56456,2017-02-02 20:22:00,www.homeimprovementpages.com.au,articles,,page_view
1,56456,2017-02-02 20:23:00,www.homeimprovementpages.com.au,connect,sfelectrics,page_view
2,56456,2017-02-02 20:26:00,www.homeimprovementpages.com.au,get_quotes_simple,,page_view
3,56456,2017-01-03 20:21:00,www.homeimprovementpages.com.au,advertise,,button_click
4,56456,2017-02-02 20:12:34,www.homeimprovementpages.com.au,photos,bathrooms,page_view
5,56456,2017-01-01 20:22:00,www.homeimprovementpages.com.au,find,electricians,list_directory
6,56456,2017-02-02 20:26:07,www.homeimprovementpages.com.au,articles,,page_view
7,56456,2017-02-02 20:22:00,www.homeimprovementpages.com.au,connect,sfelectrics,button_click
8,56456,2017-02-02 20:23:00,www.homeimprovementpages.com.au,get_quotes_simple,,button_click
9,56456,2017-02-02 20:26:00,www.homeimprovementpages.com.au,find,electricians,claim
10,56456,2017-01-03 20:21:00,www.homeimprovementpages.com.au,find,plumbers,page_view
11,56456,2017-02-02 20:12:34,www.homeimprovementpages.com.au,find,plumbers,list_directory
12,56456,2017-01-01 20:22:00,www.homeimprovementpages.com.au,get_quotes_simple,,page_view
13,56456,2017-02-02 20:26:07,www.homeimprovementpages.com.au,find,electricians,button_click
14,56456,2017-02-02 20:22:00,www.homeimprovementpages.com.au,get_quotes_simple,,button_click
15,56456,2017-02-02 20:23:00,www.homeimprovementpages.com.au,find,electricians,claim
16,56456,2017-02-02 20:26:00,www.homeimprovementpages.com.au,articles,,page_view
17,56798,2017-01-03 20:21:00,www.homeimprovementpages.com.au,articles,,page_view
18,56798,2017-02-02 20:12:34,www.homeimprovementpages.com.au,connect,sfelectrics,page_view
19,56798,2017-01-01 20:22:00,www.homeimprovementpages.com.au,get_quotes_simple,,page_view
20,56798,2017-02-02 20:26:07,www.homeimprovementpages.com.au,advertise,,button_click
21,56798,2017-02-02 20:22:00,www.homeimprovementpages.com.au,photos,bathrooms,page_view
22,56798,2017-02-02 20:23:00,www.homeimprovementpages.com.au,find,electricians,list_directory
23,56798,2017-02-02 20:26:00,www.homeimprovementpages.com.au,articles,,page_view
24,56798,2017-01-03 20:21:00,www.homeimprovementpages.com.au,connect,sfelectrics,button_click
25,56798,2017-02-02 20:12:34,www.homeimprovementpages.com.au,get_quotes_simple,,button_click
26,56798,2017-01-01 20:22:00,www.homeimprovementpages.com.au,find,electricians,claim
27,56798,2017-02-02 20:26:07,www.petpages.com.au,find,plumbers,page_view
28,56798,2017-02-04 20:22:00,www.homeimprovementpages.com.au,find,plumbers,list_directory
29,56798,2017-04-02 20:22:00,www.homeimprovementpages.com.au,get_quotes_simple,,page_view
30,56798,2017-02-05 20:22:00,www.randompages.com.au,find,electricians,button_click
31,56798,2017-02-08 20:22:00,www.homeimprovementpages.com.au,get_quotes_simple,,button_click
32,56798,2017-02-12 20:22:00,www.homeimprovementpages.com.au,find,electricians,claim
33,56798,2017-02-02 20:22:00,www.myhelpfulpages.com.au,articles,,page_view
34,57140,2017-01-03 20:21:00,www.homeimprovementpages.com.au,articles,,page_view
35,57140,2017-02-02 20:12:34,www.homeimprovementpages.com.au,connect,sfelectrics,page_view
36,57140,2017-01-01 20:22:00,www.homeimprovementpages.com.au,get_quotes_simple,,page_view
37,57140,2017-02-02 20:26:07,www.homeimprovementpages.com.au,advertise,,button_click
38,57140,2017-02-02 20:22:00,www.homeimprovementpages.com.au,photos,bathrooms,page_view
39,57140,2017-02-02 20:23:00,www.homeimprovementpages.com.au,find,electricians,list_directory
40,57140,2017-02-02 20:26:00,www.homeimprovementpages.com.au,articles,,page_view
41,57140,2017-01-03 20:21:00,www.homeimprovementpages.com.au,connect,sfelectrics,button_click
42,57140,2017-02-02 20:12:34,www.homeimprovementpages.com.au,get_quotes_simple,,button_click
43,57140,2017-01-01 20:22:00,www.homeimprovementpages.com.au,find,electricians,claim
44,57140,2017-02-02 20:26:07,www.somepages.com.au,find,plumbers,page_view
45,57140,2017-02-04 20:22:00,www.homeimprovementpages.com.au,find,plumbers,list_directory
46,57140,2017-04-02 20:22:00,www.homeimprovementpages.com.au,get_quotes_simple,,page_view
47,57140,2017-02-05 20:22:00,www.homeimprovementpages.com.au,find,electricians,button_click
48,57140,2017-02-08 20:22:00,www.homeimprovementpages.com.au,get_quotes_simple,,button_click
49,57140,2017-02-12 20:22:00,www.homeimprovementpages.com.au,find,electricians,claim
50,57140,2017-02-02 20:22:00,www.homeimprovementpages.com.au,articles,,page_view
51,57482,2017-01-03 20:21:00,www.homeimprovementpages.com.au,articles,,page_view
52,57482,2017-02-02 20:12:34,www.homeimprovementpages.com.au,connect,sfelectrics,page_view
53,57482,2017-01-01 20:22:00,www.homeimprovementpages.com.au,get_quotes_simple,,page_view
54,57482,2017-02-02 20:26:07,www.homeimprovementpages.com.au,advertise,,button_click
55,57482,2017-02-02 20:22:00,www.homeimprovementpages.com.au,photos,bathrooms,page_view
56,57482,2017-02-02 20:23:00,www.homeimprovementpages.com.au,find,electricians,list_directory
57,57482,2017-02-02 20:26:00,www.homeimprovementpages.com.au,articles,,page_view
58,57482,2017-01-03 20:21:00,www.homeimprovementpages.com.au,connect,sfelectrics,button_click
59,57482,2017-02-02 20:12:34,www.homeimprovementpages.com.au,get_quotes_simple,,button_click
60,57482,2017-01-01 20:22:00,www.homeimprovementpages.com.au,find,electricians,claim
61,57482,2017-02-02 20:26:07,www.homeimprovementpages.com.au,find,plumbers,page_view
62,57482,2017-02-04 20:22:00,www.homeimprovementpages.com.au,find,plumbers,list_directory
63,57482,2017-04-02 20:22:00,www.homeimprovementpages.com.au,get_quotes_simple,,page_view
64,57482,2017-02-05 20:22:00,www.homeimprovementpages.com.au,find,electricians,button_click
65,57482,2017-02-08 20:22:00,www.homeimprovementpages.com.au,get_quotes_simple,,button_click
66,57482,2017-02-12 20:22:00,www.homeimprovementpages.com.au,find,electricians,claim
67,57482,2017-02-02 20:22:00,www.homeimprovementpages.com.au,articles,,page_view
68,57824,2017-01-03 20:21:00,www.homeimprovementpages.com.au,articles,,page_view
69,57824,2017-02-02 20:12:34,www.homeimprovementpages.com.au,connect,sfelectrics,page_view
70,57824,2017-01-01 20:22:00,www.homeimprovementpages.com.au,get_quotes_simple,,page_view
71,57824,2017-02-02 20:26:07,www.homeimprovementpages.com.au,advertise,,button_click
72,57824,2017-02-02 20:22:00,www.homeimprovementpages.com.au,photos,bathrooms,page_view
73,57824,2017-02-02 20:23:00,www.homeimprovementpages.com.au,find,electricians,list_directory
74,57824,2017-02-02 20:26:00,www.homeimprovementpages.com.au,articles,,page_view
75,57824,2017-01-03 20:21:00,www.homeimprovementpages.com.au,connect,sfelectrics,button_click
76,57824,2017-02-02 20:12:34,www.homeimprovementpages.com.au,get_quotes_simple,,button_click
77,57824,2017-01-01 20:22:00,www.usefulpages.com.au,find,electricians,claim
78,57824,2017-02-02 20:26:07,www.homeimprovementpages.com.au,find,plumbers,page_view
79,57824,2017-02-04 20:22:00,www.homeimprovementpages.com.au,find,plumbers,list_directory
80,57824,2017-04-02 20:22:00,www.homeimprovementpages.com.au,get_quotes_simple,,page_view
81,57824,2017-02-05 20:22:00,www.homeimprovementpages.com.au,find,electricians,button_click
82,57824,2017-02-08 20:22:00,www.homeimprovementpages.com.au,get_quotes_simple,,button_click
83,57824,2017-02-12 20:22:00,www.homeimprovementpages.com.au,find,electricians,claim
84,57824,2017-02-02 20:22:00,www.homeimprovementpages.com.au,articles,,page_view
85,58166,2017-01-03 20:21:00,www.homeimprovementpages.com.au,articles,,page_view
86,58166,2017-02-02 20:12:34,www.homeimprovementpages.com.au,connect,sfelectrics,page_view
87,58166,2017-01-01 20:22:00,www.homeimprovementpages.com.au,get_quotes_simple,,page_view
88,58166,2017-02-02 20:26:07,www.homeimprovementpages.com.au,advertise,,button_click
89,58166,2017-02-02 20:22:00,www.homeimprovementpages.com.au,photos,bathrooms,page_view
90,58166,2017-02-02 20:23:00,www.homeimprovementpages.com.au,find,electricians,list_directory
91,58166,2017-02-02 20:26:00,www.homeimprovementpages.com.au,articles,,page_view
92,58166,2017-01-03 20:21:00,www.homeimprovementpages.com.au,connect,sfelectrics,button_click
93,58166,2017-02-02 20:12:34,www.homeimprovementpages.com.au,get_quotes_simple,,button_click
94,58166,2017-01-01 20:22:00,www.homeimprovementpages.com.au,find,electricians,claim
95,58166,2017-02-02 20:26:07,www.homeimprovementpages.com.au,find,plumbers,page_view
96,58166,2017-02-04 20:22:00,www.homeimprovementpages.com.au,find,plumbers,list_directory
97,58166,2017-04-02 20:22:00,www.homeimprovementpages.com.au,get_quotes_simple,,page_view
98,58166,2017-02-05 20:22:00,www.homeimprovementpages.com.au,find,electricians,button_click
99,58166,2017-02-08 20:22:00,www.homeimprovementpages.com.au,get_quotes_simple,,button_click
100,58166,2017-02-12 20:22:00,www.homeimprovementpages.com.au,find,electricians,claim
101,58166,2017-02-02 20:22:00,www.homeimprovementpages.com.au,articles,,page_view
102,58508,2017-01-03 20:21:00,www.homeimprovementpages.com.au,articles,,page_view
103,58508,2017-02-02 20:12:34,www.homeimprovementpages.com.au,connect,sfelectrics,page_view
104,58508,2017-01-01 20:22:00,www.homeimprovementpages.com.au,get_quotes_simple,,page_view
105,58508,2017-02-02 20:26:07,www.homeimprovementpages.com.au,advertise,,button_click
106,58508,2017-02-02 20:22:00,www.homeimprovementpages.com.au,photos,bathrooms,page_view
107,58508,2017-02-02 20:23:00,www.homeimprovementpages.com.au,find,electricians,list_directory
108,58508,2017-02-02 20:26:00,www.homeimprovementpages.com.au,articles,,page_view
109,58508,2017-01-03 20:21:00,www.homeimprovementpages.com.au,connect,sfelectrics,button_click
110,58508,2017-02-02 20:12:34,www.homeimprovementpages.com.au,get_quotes_simple,,button_click
111,58508,2017-01-01 20:22:00,www.homeimprovementpages.com.au,find,electricians,claim
112,58508,2017-02-02 20:26:07,www.homeimprovementpages.com.au,find,plumbers,page_view
113,58508,2017-02-04 20:22:00,www.homeimprovementpages.com.au,find,plumbers,list_directory
114,58508,2017-04-02 20:22:00,www.homeimprovementpages.com.au,get_quotes_simple,,page_view
115,58508,2017-02-05 20:22:00,www.homeimprovementpages.com.au,find,electricians,button_click
116,58508,2017-02-08 20:22:00,www.homeimprovementpages.com.au,get_quotes_simple,,button_click
117,58508,2017-02-12 20:22:00,www.homeimprovementpages.com.au,find,electricians,claim
118,58508,2017-02-02 20:22:00,www.homeimprovementpages.com.au,articles,,page_view
119,58850,2017-01-03 20:21:00,www.homeimprovementpages.com.au,articles,,page_view
120,58850,2017-02-02 20:12:34,www.homeimprovementpages.com.au,connect,sfelectrics,page_view
121,58850,2017-01-01 20:22:00,www.homeimprovementpages.com.au,get_quotes_simple,,page_view
122,58850,2017-02-02 20:26:07,www.homeimprovementpages.com.au,advertise,,button_click
123,58850,2017-02-02 20:22:00,www.homeimprovementpages.com.au,photos,bathrooms,page_view
124,58850,2017-02-02 20:23:00,www.homeimprovementpages.com.au,find,electricians,list_directory
125,58850,2017-02-02 20:26:00,www.homeimprovementpages.com.au,articles,,page_view
126,58850,2017-01-03 20:21:00,www.homeimprovementpages.com.au,connect,sfelectrics,button_click
127,58850,2017-02-02 20:12:34,www.homeimprovementpages.com.au,get_quotes_simple,,button_click
128,58850,2017-01-01 20:22:00,www.homeimprovementpages.com.au,find,electricians,claim
129,58850,2017-02-02 20:26:07,www.homeimprovementpages.com.au,find,plumbers,page_view
130,58850,2017-02-04 20:22:00,www.homeimprovementpages.com.au,find,plumbers,list_directory
131,58850,2017-04-02 20:22:00,www.homeimprovementpages.com.au,get_quotes_simple,,page_view
132,58850,2017-02-05 20:22:00,www.homeimprovementpages.com.au,find,electricians,button_click
133,58850,2017-02-08 20:22:00,www.homeimprovementpages.com.au,get_quotes_simple,,button_click
134,58850,2017-02-12 20:22:00,www.homeimprovementpages.com.au,find,electricians,claim
135,58850,2017-02-02 20:22:00,www.homeimprovementpages.com.au,articles,,page_view
136,59192,2017-01-03 20:21:00,www.homeimprovementpages.com.au,articles,,page_view
137,59192,2017-02-02 20:12:34,www.homeimprovementpages.com.au,connect,sfelectrics,page_view
138,59192,2017-01-01 20:22:00,www.homeimprovementpages.com.au,get_quotes_simple,,page_view
139,59192,2017-02-02 20:26:07,www.homeimprovementpages.com.au,advertise,,button_click
140,59192,2017-02-02 20:22:00,www.homeimprovementpages.com.au,photos,bathrooms,page_view
141,59192,2017-02-02 20:23:00,www.homeimprovementpages.com.au,find,electricians,list_directory
142,59192,2017-02-02 20:26:00,www.homeimprovementpages.com.au,articles,,page_view
143,59192,2017-01-03 20:21:00,www.homeimprovementpages.com.au,connect,sfelectrics,button_click
144,59192,2017-02-02 20:12:34,www.homeimprovementpages.com.au,get_quotes_simple,,button_click
145,59192,2017-01-01 20:22:00,www.homeimprovementpages.com.au,find,electricians,claim
146,59192,2017-02-02 20:26:07,www.homeimprovementpages.com.au,find,plumbers,page_view
147,59192,2017-02-04 20:22:00,www.homeimprovementpages.com.au,find,plumbers,list_directory
148,59192,2017-04-02 20:22:00,www.homeimprovementpages.com.au,get_quotes_simple,,page_view
149,59192,2017-02-05 20:22:00,www.homeimprovementpages.com.au,find,electricians,button_click
150,59192,2017-02-08 20:22:00,www.homeimprovementpages.com.au,get_quotes_simple,,button_click
151,59192,2017-02-12 20:22:00,www.homeimprovementpages.com.au,find,electricians,claim
152,59192,2017-02-02 20:22:00,www.homeimprovementpages.com.au,articles,,page_view
153,59534,2017-01-03 20:21:00,www.homeimprovementpages.com.au,articles,,page_view
154,59534,2017-02-02 20:12:34,www.homeimprovementpages.com.au,connect,sfelectrics,page_view
155,59534,2017-01-01 20:22:00,www.homeimprovementpages.com.au,get_quotes_simple,,page_view
156,59534,2017-02-02 20:26:07,www.homeimprovementpages.com.au,advertise,,button_click
157,59534,2017-02-02 20:22:00,www.homeimprovementpages.com.au,photos,bathrooms,page_view
158,59534,2017-02-02 20:23:00,www.homeimprovementpages.com.au,find,electricians,list_directory
159,59534,2017-02-02 20:26:00,www.homeimprovementpages.com.au,articles,,page_view
160,59534,2017-01-03 20:21:00,www.homeimprovementpages.com.au,connect,sfelectrics,button_click
161,59534,2017-02-02 20:12:34,www.homeimprovementpages.com.au,get_quotes_simple,,button_click
162,59534,2017-01-01 20:22:00,www.homeimprovementpages.com.au,find,electricians,claim
163,59534,2017-02-02 20:26:07,www.homeimprovementpages.com.au,find,plumbers,page_view
164,59534,2017-02-04 20:22:00,www.homeimprovementpages.com.au,find,plumbers,list_directory
165,59534,2017-04-02 20:22:00,www.homeimprovementpages.com.au,get_quotes_simple,,page_view
166,59534,2017-02-05 20:22:00,www.homeimprovementpages.com.au,find,electricians,button_click
167,59534,2017-02-08 20:22:00,www.homeimprovementpages.com.au,get_quotes_simple,,button_click
168,59534,2017-02-12 20:22:00,www.homeimprovementpages.com.au,find,electricians,claim
169,59534,2017-02-02 20:22:00,www.homeimprovementpages.com.au,articles,,page_view
170,59876,2017-01-03 20:21:00,www.homeimprovementpages.com.au,articles,,page_view
171,59876,2017-02-02 20:12:34,www.homeimprovementpages.com.au,connect,sfelectrics,page_view
172,59876,2017-01-01 20:22:00,www.homeimprovementpages.com.au,get_quotes_simple,,page_view
173,59876,2017-02-02 20:26:07,www.homeimprovementpages.com.au,advertise,,button_click
174,59876,2017-02-02 20:22:00,www.homeimprovementpages.com.au,photos,bathrooms,page_view
175,59876,2017-02-02 20:23:00,www.homeimprovementpages.com.au,find,electricians,list_directory
176,59876,2017-02-02 20:26:00,www.homeimprovementpages.com.au,articles,,page_view
177,59876,2017-01-03 20:21:00,www.homeimprovementpages.com.au,connect,sfelectrics,button_click
178,59876,2017-02-02 20:12:34,www.homeimprovementpages.com.au,get_quotes_simple,,button_click
179,59876,2017-01-01 20:22:00,www.homeimprovementpages.com.au,find,electricians,claim
180,59876,2017-02-02 20:26:07,www.homeimprovementpages.com.au,find,plumbers,page_view
181,59876,2017-02-04 20:22:00,www.homeimprovementpages.com.au,find,plumbers,list_directory
182,59876,2017-04-02 20:22:00,www.homeimprovementpages.com.au,get_quotes_simple,,page_view
183,59876,2017-02-05 20:22:00,www.homeimprovementpages.com.au,find,electricians,button_click
184,59876,2017-02-08 20:22:00,www.homeimprovementpages.com.au,get_quotes_simple,,button_click
185,59876,2017-02-12 20:22:00,www.homeimprovementpages.com.au,find,electricians,claim
186,59876,2017-02-02 20:22:00,www.homeimprovementpages.com.au,articles,,page_view
187,60218,2017-01-03 20:21:00,www.homeimprovementpages.com.au,articles,,page_view
188,60218,2017-02-02 20:12:34,www.homeimprovementpages.com.au,connect,sfelectrics,page_view
189,60218,2017-01-01 20:22:00,www.homeimprovementpages.com.au,get_quotes_simple,,page_view
190,60218,2017-02-02 20:26:07,www.homeimprovementpages.com.au,advertise,,button_click
191,60218,2017-02-02 20:22:00,www.homeimprovementpages.com.au,photos,bathrooms,page_view
192,60218,2017-02-02 20:23:00,www.homeimprovementpages.com.au,find,electricians,list_directory
193,60218,2017-02-02 20:26:00,www.homeimprovementpages.com.au,articles,,page_view
194,60218,2017-01-03 20:21:00,www.homeimprovementpages.com.au,connect,sfelectrics,button_click
195,60218,2017-02-02 20:12:34,www.homeimprovementpages.com.au,get_quotes_simple,,button_click
196,60218,2017-01-01 20:22:00,www.homeimprovementpages.com.au,find,electricians,claim
197,60218,2017-02-02 20:26:07,www.homeimprovementpages.com.au,find,plumbers,page_view
198,60218,2017-02-04 20:22:00,www.homeimprovementpages.com.au,find,plumbers,list_directory
199,60218,2017-04-02 20:22:00,www.homeimprovementpages.com.au,get_quotes_simple,,page_view
200,60218,2017-02-05 20:22:00,www.homeimprovementpages.com.au,find,electricians,button_click
201,60218,2017-02-08 20:22:00,www.homeimprovementpages.com.au,get_quotes_simple,,button_click
202,60218,2017-02-12 20:22:00,www.homeimprovementpages.com.au,find,electricians,claim
203,60218,2017-02-02 20:22:00,www.homeimprovementpages.com.au,articles,,page_view
204,60560,2017-01-03 20:21:00,www.homeimprovementpages.com.au,articles,,page_view
205,60560,2017-02-02 20:12:34,www.homeimprovementpages.com.au,connect,sfelectrics,page_view
206,60560,2017-01-01 20:22:00,www.homeimprovementpages.com.au,get_quotes_simple,,page_view
207,60560,2017-02-02 20:26:07,www.homeimprovementpages.com.au,advertise,,button_click
208,60560,2017-02-02 20:22:00,www.homeimprovementpages.com.au,photos,bathrooms,page_view
209,60560,2017-02-02 20:23:00,www.homeimprovementpages.com.au,find,electricians,list_directory
210,60560,2017-02-02 20:26:00,www.homeimprovementpages.com.au,articles,,page_view
211,60560,2017-01-03 20:21:00,www.homeimprovementpages.com.au,connect,sfelectrics,button_click
212,60560,2017-02-02 20:12:34,www.homeimprovementpages.com.au,get_quotes_simple,,button_click
213,60560,2017-01-01 20:22:00,www.homeimprovementpages.com.au,find,electricians,claim
214,60560,2017-02-02 20:26:07,www.homeimprovementpages.com.au,find,plumbers,page_view
215,60560,2017-02-04 20:22:00,www.homeimprovementpages.com.au,find,plumbers,list_directory
216,60560,2017-04-02 20:22:00,www.homeimprovementpages.com.au,get_quotes_simple,,page_view
217,60560,2017-02-05 20:22:00,www.homeimprovementpages.com.au,find,electricians,button_click
218,60560,2017-02-08 20:22:00,www.homeimprovementpages.com.au,get_quotes_simple,,button_click
219,60560,2017-02-12 20:22:00,www.homeimprovementpages.com.au,find,electricians,claim
220,60560,2017-02-02 20:22:00,www.homeimprovementpages.com.au,articles,,page_view
221,60902,2017-01-03 20:21:00,www.homeimprovementpages.com.au,articles,,page_view
222,60902,2017-02-02 20:12:34,www.homeimprovementpages.com.au,connect,sfelectrics,page_view
223,60902,2017-01-01 20:22:00,www.homeimprovementpages.com.au,get_quotes_simple,,page_view
224,60902,2017-02-02 20:26:07,www.homeimprovementpages.com.au,advertise,,button_click
225,60902,2017-02-02 20:22:00,www.homeimprovementpages.com.au,photos,bathrooms,page_view
226,60902,2017-02-02 20:23:00,www.homeimprovementpages.com.au,find,electricians,list_directory
227,60902,2017-02-02 20:26:00,www.homeimprovementpages.com.au,articles,,page_view
228,60902,2017-01-03 20:21:00,www.homeimprovementpages.com.au,connect,sfelectrics,button_click
229,60902,2017-02-02 20:12:34,www.homeimprovementpages.com.au,get_quotes_simple,,button_click
230,60902,2017-01-01 20:22:00,www.homeimprovementpages.com.au,find,electricians,claim
231,60902,2017-02-02 20:26:07,www.homeimprovementpages.com.au,find,plumbers,page_view
232,60902,2017-02-04 20:22:00,www.homeimprovementpages.com.au,find,plumbers,list_directory
233,60902,2017-04-02 20:22:00,www.homeimprovementpages.com.au,get_quotes_simple,,page_view
234,60902,2017-02-05 20:22:00,www.homeimprovementpages.com.au,find,electricians,button_click
235,60902,2017-02-08 20:22:00,www.homeimprovementpages.com.au,get_quotes_simple,,button_click
236,60902,2017-02-12 20:22:00,www.homeimprovementpages.com.au,find,electricians,claim
237,60902,2017-02-02 20:22:00,www.homeimprovementpages.com.au,articles,,page_view
238,61244,2017-01-03 20:21:00,www.homeimprovementpages.com.au,articles,,page_view
239,61244,2017-02-02 20:12:34,www.homeimprovementpages.com.au,connect,sfelectrics,page_view
240,61244,2017-01-01 20:22:00,www.homeimprovementpages.com.au,get_quotes_simple,,page_view
241,61244,2017-02-02 20:26:07,www.homeimprovementpages.com.au,advertise,,button_click
242,61244,2017-02-02 20:22:00,www.homeimprovementpages.com.au,photos,bathrooms,page_view
243,61244,2017-02-02 20:23:00,www.homeimprovementpages.com.au,find,electricians,list_directory
244,61244,2017-02-02 20:26:00,www.homeimprovementpages.com.au,articles,,page_view
245,61244,2017-01-03 20:21:00,www.homeimprovementpages.com.au,connect,sfelectrics,button_click
246,61244,2017-02-02 20:12:34,www.homeimprovementpages.com.au,get_quotes_simple,,button_click
247,61244,2017-01-01 20:22:00,www.homeimprovementpages.com.au,find,electricians,claim
248,61244,2017-02-02 20:26:07,www.homeimprovementpages.com.au,find,plumbers,page_view
249,61244,2017-02-04 20:22:00,www.homeimprovementpages.com.au,find,plumbers,list_directory
250,61244,2017-04-02 20:22:00,www.homeimprovementpages.com.au,get_quotes_simple,,page_view
251,61244,2017-02-05 20:22:00,www.homeimprovementpages.com.au,find,electricians,button_click
252,61244,2017-02-08 20:22:00,www.homeimprovementpages.com.au,get_quotes_simple,,button_click
253,61244,2017-02-12 20:22:00,www.homeimprovementpages.com.au,find,electricians,claim
254,61244,2017-02-02 20:22:00,www.homeimprovementpages.com.au,articles,,page_view
255,61586,2017-01-03 20:21:00,www.homeimprovementpages.com.au,articles,,page_view
256,61586,2017-02-02 20:12:34,www.homeimprovementpages.com.au,connect,sfelectrics,page_view
257,61586,2017-01-01 20:22:00,www.homeimprovementpages.com.au,get_quotes_simple,,page_view
258,61586,2017-02-02 20:26:07,www.homeimprovementpages.com.au,advertise,,button_click
259,61586,2017-02-02 20:22:00,www.homeimprovementpages.com.au,photos,bathrooms,page_view
260,61586,2017-02-02 20:23:00,www.homeimprovementpages.com.au,find,electricians,list_directory
261,61586,2017-02-02 20:26:00,www.homeimprovementpages.com.au,articles,,page_view
262,61586,2017-01-03 20:21:00,www.homeimprovementpages.com.au,connect,sfelectrics,button_click
263,61586,2017-02-02 20:12:34,www.homeimprovementpages.com.au,get_quotes_simple,,button_click
264,61586,2017-01-01 20:22:00,www.homeimprovementpages.com.au,find,electricians,claim
265,61586,2017-02-02 20:26:07,www.homeimprovementpages.com.au,find,plumbers,page_view
266,61586,2017-02-04 20:22:00,www.homeimprovementpages.com.au,find,plumbers,list_directory
267,61586,2017-04-02 20:22:00,www.homeimprovementpages.com.au,get_quotes_simple,,page_view
268,61586,2017-02-05 20:22:00,www.homeimprovementpages.com.au,find,electricians,button_click
269,61586,2017-02-08 20:22:00,www.homeimprovementpages.com.au,get_quotes_simple,,button_click
270,61586,2017-02-12 20:22:00,www.homeimprovementpages.com.au,find,electricians,claim
271,61586,2017-02-02 20:22:00,www.homeimprovementpages.com.au,articles,,page_view
272,61928,2017-01-03 20:21:00,www.homeimprovementpages.com.au,articles,,page_view
273,61928,2017-02-02 20:12:34,www.homeimprovementpages.com.au,connect,sfelectrics,page_view
274,61928,2017-01-01 20:22:00,www.homeimprovementpages.com.au,get_quotes_simple,,page_view
275,61928,2017-02-02 20:26:07,www.homeimprovementpages.com.au,advertise,,button_click
276,61928,2017-02-02 20:22:00,www.homeimprovementpages.com.au,photos,bathrooms,page_view
277,61928,2017-02-02 20:23:00,www.homeimprovementpages.com.au,find,electricians,list_directory
278,61928,2017-02-02 20:26:00,www.homeimprovementpages.com.au,articles,,page_view
279,61928,2017-01-03 20:21:00,www.homeimprovementpages.com.au,connect,sfelectrics,button_click
280,61928,2017-02-02 20:12:34,www.homeimprovementpages.com.au,get_quotes_simple,,button_click
281,61928,2017-01-01 20:22:00,www.homeimprovementpages.com.au,find,electricians,claim
282,61928,2017-02-02 20:26:07,www.homeimprovementpages.com.au,find,plumbers,page_view
283,61928,2017-02-04 20:22:00,www.homeimprovementpages.com.au,find,plumbers,list_directory
284,61928,2017-04-02 20:22:00,www.homeimprovementpages.com.au,get_quotes_simple,,page_view
285,61928,2017-02-05 20:22:00,www.homeimprovementpages.com.au,find,electricians,button_click
286,61928,2017-02-08 20:22:00,www.homeimprovementpages.com.au,get_quotes_simple,,button_click
287,61928,2017-02-12 20:22:00,www.homeimprovementpages.com.au,find,electricians,claim
288,61928,2017-02-02 20:22:00,www.homeimprovementpages.com.au,articles,,page_view
289,62270,2017-01-03 20:21:00,www.homeimprovementpages.com.au,articles,,page_view
290,62270,2017-02-02 20:12:34,www.homeimprovementpages.com.au,connect,sfelectrics,page_view
291,62270,2017-01-01 20:22:00,www.homeimprovementpages.com.au,get_quotes_simple,,page_view
292,62270,2017-02-02 20:26:07,www.homeimprovementpages.com.au,advertise,,button_click
293,62270,2017-02-02 20:22:00,www.homeimprovementpages.com.au,photos,bathrooms,page_view
294,62270,2017-02-02 20:23:00,www.homeimprovementpages.com.au,find,electricians,list_directory
295,62270,2017-02-02 20:26:00,www.homeimprovementpages.com.au,articles,,page_view
296,62270,2017-01-03 20:21:00,www.homeimprovementpages.com.au,connect,sfelectrics,button_click
297,62270,2017-02-02 20:12:34,www.homeimprovementpages.com.au,get_quotes_simple,,button_click
298,62270,2017-01-01 20:22:00,www.homeimprovementpages.com.au,find,electricians,claim
299,62270,2017-02-02 20:26:07,www.homeimprovementpages.com.au,find,plumbers,page_view
300,62270,2017-02-04 20:22:00,www.homeimprovementpages.com.au,find,plumbers,list_directory
301,62270,2017-04-02 20:22:00,www.homeimprovementpages.com.au,get_quotes_simple,,page_view
302,62270,2017-02-05 20:22:00,www.homeimprovementpages.com.au,find,electricians,button_click
303,62270,2017-02-08 20:22:00,www.homeimprovementpages.com.au,get_quotes_simple,,button_click
304,62270,2017-02-12 20:22:00,www.homeimprovementpages.com.au,find,electricians,claim
305,62270,2017-02-02 20:22:00,www.homeimprovementpages.com.au,articles,,page_view
306,62612,2017-01-03 20:21:00,www.homeimprovementpages.com.au,articles,,page_view
307,62612,2017-02-02 20:12:34,www.homeimprovementpages.com.au,connect,sfelectrics,page_view
308,62612,2017-01-01 20:22:00,www.homeimprovementpages.com.au,get_quotes_simple,,page_view
309,62612,2017-02-02 20:26:07,www.homeimprovementpages.com.au,advertise,,button_click
310,62612,2017-02-02 20:22:00,www.homeimprovementpages.com.au,photos,bathrooms,page_view
311,62612,2017-02-02 20:23:00,www.homeimprovementpages.com.au,find,electricians,list_directory
312,62612,2017-02-02 20:26:00,www.homeimprovementpages.com.au,articles,,page_view
313,62612,2017-01-03 20:21:00,www.homeimprovementpages.com.au,connect,sfelectrics,button_click
314,62612,2017-02-02 20:12:34,www.homeimprovementpages.com.au,get_quotes_simple,,button_click
315,62612,2017-01-01 20:22:00,www.homeimprovementpages.com.au,find,electricians,claim
316,62612,2017-02-02 20:26:07,www.homeimprovementpages.com.au,find,plumbers,page_view
317,62612,2017-02-04 20:22:00,www.homeimprovementpages.com.au,find,plumbers,list_directory
318,62612,2017-04-02 20:22:00,www.homeimprovementpages.com.au,get_quotes_simple,,page_view
319,62612,2017-02-05 20:22:00,www.homeimprovementpages.com.au,find,electricians,button_click
320,62612,2017-02-08 20:22:00,www.homeimprovementpages.com.au,get_quotes_simple,,button_click
321,62612,2017-02-12 20:22:00,www.homeimprovementpages.com.au,find,electricians,claim
322,62612,2017-02-02 20:22:00,www.homeimprovementpages.com.au,articles,,page_view
323,62954,2017-01-03 20:21:00,www.homeimprovementpages.com.au,articles,,page_view
324,62954,2017-02-02 20:12:34,www.homeimprovementpages.com.au,connect,sfelectrics,page_view
325,62954,2017-01-01 20:22:00,www.homeimprovementpages.com.au,get_quotes_simple,,page_view
326,62954,2017-02-02 20:26:07,www.homeimprovementpages.com.au,advertise,,button_click
327,62954,2017-02-02 20:22:00,www.homeimprovementpages.com.au,photos,bathrooms,page_view
328,62954,2017-02-02 20:23:00,www.homeimprovementpages.com.au,find,electricians,list_directory
329,62954,2017-02-02 20:26:00,www.homeimprovementpages.com.au,articles,,page_view
330,62954,2017-01-03 20:21:00,www.homeimprovementpages.com.au,connect,sfelectrics,button_click
331,62954,2017-02-02 20:12:34,www.homeimprovementpages.com.au,get_quotes_simple,,button_click
332,62954,2017-01-01 20:22:00,www.homeimprovementpages.com.au,find,electricians,claim
333,62954,2017-02-02 20:26:07,www.homeimprovementpages.com.au,find,plumbers,page_view
334,62954,2017-02-04 20:22:00,www.homeimprovementpages.com.au,find,plumbers,list_directory
335,62954,2017-04-02 20:22:00,www.homeimprovementpages.com.au,get_quotes_simple,,page_view
336,62954,2017-02-05 20:22:00,www.homeimprovementpages.com.au,find,electricians,button_click
337,62954,2017-02-08 20:22:00,www.homeimprovementpages.com.au,get_quotes_simple,,button_click
338,62954,2017-02-12 20:22:00,www.homeimprovementpages.com.au,find,electricians,claim
339,62954,2017-02-02 20:22:00,www.homeimprovementpages.com.au,articles,,page_view
340,63296,2017-01-03 20:21:00,www.homeimprovementpages.com.au,articles,,page_view
341,63296,2017-02-02 20:12:34,www.homeimprovementpages.com.au,connect,sfelectrics,page_view
342,63296,2017-01-01 20:22:00,www.homeimprovementpages.com.au,get_quotes_simple,,page_view
343,63296,2017-02-02 20:26:07,www.homeimprovementpages.com.au,advertise,,button_click
344,63296,2017-02-02 20:22:00,www.homeimprovementpages.com.au,photos,bathrooms,page_view
345,63296,2017-02-02 20:23:00,www.homeimprovementpages.com.au,find,electricians,list_directory
346,63296,2017-02-02 20:26:00,www.homeimprovementpages.com.au,articles,,page_view
347,63296,2017-01-03 20:21:00,www.homeimprovementpages.com.au,connect,sfelectrics,button_click
348,63296,2017-02-02 20:12:34,www.homeimprovementpages.com.au,get_quotes_simple,,button_click
349,63296,2017-01-01 20:22:00,www.homeimprovementpages.com.au,find,electricians,claim
350,63296,2017-02-02 20:26:07,www.homeimprovementpages.com.au,find,plumbers,page_view
351,63296,2017-02-04 20:22:00,www.homeimprovementpages.com.au,find,plumbers,list_directory
352,63296,2017-04-02 20:22:00,www.homeimprovementpages.com.au,get_quotes_simple,,page_view
353,63296,2017-02-05 20:22:00,www.homeimprovementpages.com.au,find,electricians,button_click
354,63296,2017-02-08 20:22:00,www.homeimprovementpages.com.au,get_quotes_simple,,button_click
355,63296,2017-02-12 20:22:00,www.homeimprovementpages.com.au,find,electricians,claim
356,63296,2017-02-02 20:22:00,www.homeimprovementpages.com.au,articles,,page_view
357,63638,2017-01-03 20:21:00,www.homeimprovementpages.com.au,articles,,page_view
358,63638,2017-02-02 20:12:34,www.homeimprovementpages.com.au,connect,sfelectrics,page_view
359,63638,2017-01-01 20:22:00,www.homeimprovementpages.com.au,get_quotes_simple,,page_view
360,63638,2017-02-02 20:26:07,www.homeimprovementpages.com.au,advertise,,button_click
361,63638,2017-02-02 20:22:00,www.homeimprovementpages.com.au,photos,bathrooms,page_view
362,63638,2017-02-02 20:23:00,www.homeimprovementpages.com.au,find,electricians,list_directory
363,63638,2017-02-02 20:26:00,www.homeimprovementpages.com.au,articles,,page_view
364,63638,2017-01-03 20:21:00,www.homeimprovementpages.com.au,connect,sfelectrics,button_click
365,63638,2017-02-02 20:12:34,www.homeimprovementpages.com.au,get_quotes_simple,,button_click
366,63638,2017-01-01 20:22:00,www.homeimprovementpages.com.au,find,electricians,claim
367,63638,2017-02-02 20:26:07,www.homeimprovementpages.com.au,find,plumbers,page_view
368,63638,2017-02-04 20:22:00,www.homeimprovementpages.com.au,find,plumbers,list_directory
369,63638,2017-04-02 20:22:00,www.homeimprovementpages.com.au,get_quotes_simple,,page_view
370,63638,2017-02-05 20:22:00,www.homeimprovementpages.com.au,find,electricians,button_click
371,63638,2017-02-08 20:22:00,www.homeimprovementpages.com.au,get_quotes_simple,,button_click
372,63638,2017-02-12 20:22:00,www.homeimprovementpages.com.au,find,electricians,claim
373,63638,2017-02-02 20:22:00,www.homeimprovementpages.com.au,articles,,page_view
374,63980,2017-01-03 20:21:00,www.homeimprovementpages.com.au,articles,,page_view
375,63980,2017-02-02 20:12:34,www.homeimprovementpages.com.au,connect,sfelectrics,page_view
376,63980,2017-01-01 20:22:00,www.homeimprovementpages.com.au,get_quotes_simple,,page_view
377,63980,2017-02-02 20:26:07,www.homeimprovementpages.com.au,advertise,,button_click
378,63980,2017-02-02 20:22:00,www.homeimprovementpages.com.au,photos,bathrooms,page_view
379,63980,2017-02-02 20:23:00,www.homeimprovementpages.com.au,find,electricians,list_directory
380,63980,2017-02-02 20:26:00,www.homeimprovementpages.com.au,articles,,page_view
381,63980,2017-01-03 20:21:00,www.homeimprovementpages.com.au,connect,sfelectrics,button_click
382,63980,2017-02-02 20:12:34,www.homeimprovementpages.com.au,get_quotes_simple,,button_click
383,63980,2017-01-01 20:22:00,www.homeimprovementpages.com.au,find,electricians,claim
384,63980,2017-02-02 20:26:07,www.homeimprovementpages.com.au,find,plumbers,page_view
385,63980,2017-02-04 20:22:00,www.homeimprovementpages.com.au,find,plumbers,list_directory
386,63980,2017-04-02 20:22:00,www.homeimprovementpages.com.au,get_quotes_simple,,page_view
387,63980,2017-02-05 20:22:00,www.homeimprovementpages.com.au,find,electricians,button_click
388,63980,2017-02-08 20:22:00,www.homeimprovementpages.com.au,get_quotes_simple,,button_click
389,63980,2017-02-12 20:22:00,www.homeimprovementpages.com.au,find,electricians,claim
390,63980,2017-02-02 20:22:00,www.homeimprovementpages.com.au,articles,,page_view
391,64322,2017-01-03 20:21:00,www.homeimprovementpages.com.au,articles,,page_view
392,64322,2017-02-02 20:12:34,www.homeimprovementpages.com.au,connect,sfelectrics,page_view
393,64322,2017-01-01 20:22:00,www.homeimprovementpages.com.au,get_quotes_simple,,page_view
394,64322,2017-02-02 20:26:07,www.homeimprovementpages.com.au,advertise,,button_click
395,64322,2017-02-02 20:22:00,www.homeimprovementpages.com.au,photos,bathrooms,page_view
396,64322,2017-02-02 20:23:00,www.homeimprovementpages.com.au,find,electricians,list_directory
397,64322,2017-02-02 20:26:00,www.homeimprovementpages.com.au,articles,,page_view
398,64322,2017-01-03 20:21:00,www.homeimprovementpages.com.au,connect,sfelectrics,button_click
399,64322,2017-02-02 20:12:34,www.homeimprovementpages.com.au,get_quotes_simple,,button_click
400,64322,2017-01-01 20:22:00,www.homeimprovementpages.com.au,find,electricians,claim
401,64322,2017-02-02 20:26:07,www.homeimprovementpages.com.au,find,plumbers,page_view
402,64322,2017-02-04 20:22:00,www.homeimprovementpages.com.au,find,plumbers,list_directory
403,64322,2017-04-02 20:22:00,www.homeimprovementpages.com.au,get_quotes_simple,,page_view
404,64322,2017-02-05 20:22:00,www.homeimprovementpages.com.au,find,electricians,button_click
405,64322,2017-02-08 20:22:00,www.homeimprovementpages.com.au,get_quotes_simple,,button_click
406,64322,2017-02-12 20:22:00,www.homeimprovementpages.com.au,find,electricians,claim
407,64322,2017-02-02 20:22:00,www.homeimprovementpages.com.au,articles,,page_view
408,64664,2017-01-03 20:21:00,www.homeimprovementpages.com.au,articles,,page_view
409,64664,2017-02-02 20:12:34,www.homeimprovementpages.com.au,connect,sfelectrics,page_view
410,64664,2017-01-01 20:22:00,www.homeimprovementpages.com.au,get_quotes_simple,,page_view
411,64664,2017-02-02 20:26:07,www.homeimprovementpages.com.au,advertise,,button_click
412,64664,2017-02-02 20:22:00,www.homeimprovementpages.com.au,photos,bathrooms,page_view
413,64664,2017-02-02 20:23:00,www.homeimprovementpages.com.au,find,electricians,list_directory
414,64664,2017-02-02 20:26:00,www.homeimprovementpages.com.au,articles,,page_view
415,64664,2017-01-03 20:21:00,www.homeimprovementpages.com.au,connect,sfelectrics,button_click
416,64664,2017-02-02 20:12:34,www.homeimprovementpages.com.au,get_quotes_simple,,button_click
417,64664,2017-01-01 20:22:00,www.homeimprovementpages.com.au,find,electricians,claim
418,64664,2017-02-02 20:26:07,www.homeimprovementpages.com.au,find,plumbers,page_view
419,64664,2017-02-04 20:22:00,www.homeimprovementpages.com.au,find,plumbers,list_directory
420,64664,2017-04-02 20:22:00,www.homeimprovementpages.com.au,get_quotes_simple,,page_view
421,64664,2017-02-05 20:22:00,www.homeimprovementpages.com.au,find,electricians,button_click
422,64664,2017-02-08 20:22:00,www.homeimprovementpages.com.au,get_quotes_simple,,button_click
423,64664,2017-02-12 20:22:00,www.homeimprovementpages.com.au,find,electricians,claim
424,64664,2017-02-02 20:22:00,www.homeimprovementpages.com.au,articles,,page_view
425,65006,2017-01-03 20:21:00,www.homeimprovementpages.com.au,articles,,page_view
426,65006,2017-02-02 20:12:34,www.homeimprovementpages.com.au,connect,sfelectrics,page_view
427,65006,2017-01-01 20:22:00,www.homeimprovementpages.com.au,get_quotes_simple,,page_view
428,65006,2017-02-02 20:26:07,www.homeimprovementpages.com.au,advertise,,button_click
429,65006,2017-02-02 20:22:00,www.homeimprovementpages.com.au,photos,bathrooms,page_view
430,65006,2017-02-02 20:23:00,www.homeimprovementpages.com.au,find,electricians,list_directory
431,65006,2017-02-02 20:26:00,www.homeimprovementpages.com.au,articles,,page_view
432,65006,2017-01-03 20:21:00,www.homeimprovementpages.com.au,connect,sfelectrics,button_click
433,65006,2017-02-02 20:12:34,www.homeimprovementpages.com.au,get_quotes_simple,,button_click
434,65006,2017-01-01 20:22:00,www.homeimprovementpages.com.au,find,electricians,claim
435,65006,2017-02-02 20:26:07,www.homeimprovementpages.com.au,find,plumbers,page_view
436,65006,2017-02-04 20:22:00,www.homeimprovementpages.com.au,find,plumbers,list_directory
437,65006,2017-04-02 20:22:00,www.homeimprovementpages.com.au,get_quotes_simple,,page_view
438,65006,2017-02-05 20:22:00,www.homeimprovementpages.com.au,find,electricians,button_click
439,65006,2017-02-08 20:22:00,www.homeimprovementpages.com.au,get_quotes_simple,,button_click
440,65006,2017-02-12 20:22:00,www.homeimprovementpages.com.au,find,electricians,claim
441,65006,2017-02-02 20:22:00,www.homeimprovementpages.com.au,articles,,page_view
442,65348,2017-01-03 20:21:00,www.homeimprovementpages.com.au,articles,,page_view
443,65348,2017-02-02 20:12:34,www.homeimprovementpages.com.au,connect,sfelectrics,page_view
444,65348,2017-01-01 20:22:00,www.homeimprovementpages.com.au,get_quotes_simple,,page_view
445,65348,2017-02-02 20:26:07,www.homeimprovementpages.com.au,advertise,,button_click
446,65348,2017-02-02 20:22:00,www.homeimprovementpages.com.au,photos,bathrooms,page_view
447,65348,2017-02-02 20:23:00,www.homeimprovementpages.com.au,find,electricians,list_directory
448,65348,2017-02-02 20:26:00,www.homeimprovementpages.com.au,articles,,page_view
449,65348,2017-01-03 20:21:00,www.homeimprovementpages.com.au,connect,sfelectrics,button_click
450,65348,2017-02-02 20:12:34,www.homeimprovementpages.com.au,get_quotes_simple,,button_click
451,65348,2017-01-01 20:22:00,www.homeimprovementpages.com.au,find,electricians,claim
452,65348,2017-02-02 20:26:07,www.homeimprovementpages.com.au,find,plumbers,page_view
453,65348,2017-02-04 20:22:00,www.homeimprovementpages.com.au,find,plumbers,list_directory
454,65348,2017-04-02 20:22:00,www.homeimprovementpages.com.au,get_quotes_simple,,page_view
455,65348,2017-02-05 20:22:00,www.homeimprovementpages.com.au,find,electricians,button_click
456,65348,2017-02-08 20:22:00,www.homeimprovementpages.com.au,get_quotes_simple,,button_click
457,65348,2017-02-12 20:22:00,www.homeimprovementpages.com.au,find,electricians,claim
458,65348,2017-02-02 20:22:00,www.homeimprovementpages.com.au,articles,,page_view
459,65690,2017-01-03 20:21:00,www.homeimprovementpages.com.au,articles,,page_view
460,65690,2017-02-02 20:12:34,www.homeimprovementpages.com.au,connect,sfelectrics,page_view
461,65690,2017-01-01 20:22:00,www.homeimprovementpages.com.au,get_quotes_simple,,page_view
462,65690,2017-02-02 20:26:07,www.homeimprovementpages.com.au,advertise,,button_click
463,65690,2017-02-02 20:22:00,www.homeimprovementpages.com.au,photos,bathrooms,page_view
464,65690,2017-02-02 20:23:00,www.homeimprovementpages.com.au,find,electricians,list_directory
465,65690,2017-02-02 20:26:00,www.homeimprovementpages.com.au,articles,,page_view
466,65690,2017-01-03 20:21:00,www.homeimprovementpages.com.au,connect,sfelectrics,button_click
467,65690,2017-02-02 20:12:34,www.homeimprovementpages.com.au,get_quotes_simple,,button_click
468,65690,2017-01-01 20:22:00,www.homeimprovementpages.com.au,find,electricians,claim
469,65690,2017-02-02 20:26:07,www.homeimprovementpages.com.au,find,plumbers,page_view
470,65690,2017-02-04 20:22:00,www.homeimprovementpages.com.au,find,plumbers,list_directory
471,65690,2017-04-02 20:22:00,www.homeimprovementpages.com.au,get_quotes_simple,,page_view
472,65690,2017-02-05 20:22:00,www.homeimprovementpages.com.au,find,electricians,button_click
473,65690,2017-02-08 20:22:00,www.homeimprovementpages.com.au,get_quotes_simple,,button_click
474,65690,2017-02-12 20:22:00,www.homeimprovementpages.com.au,find,electricians,claim
475,65690,2017-02-02 20:22:00,www.homeimprovementpages.com.au,articles,,page_view
476,66032,2017-01-03 20:21:00,www.homeimprovementpages.com.au,articles,,page_view
477,66032,2017-02-02 20:12:34,www.homeimprovementpages.com.au,connect,sfelectrics,page_view
478,66032,2017-01-01 20:22:00,www.homeimprovementpages.com.au,get_quotes_simple,,page_view
479,66032,2017-02-02 20:26:07,www.homeimprovementpages.com.au,advertise,,button_click
480,66032,2017-02-02 20:22:00,www.homeimprovementpages.com.au,photos,bathrooms,page_view
481,66032,2017-02-02 20:23:00,www.homeimprovementpages.com.au,find,electricians,list_directory
482,66032,2017-02-02 20:26:00,www.homeimprovementpages.com.au,articles,,page_view
483,66032,2017-01-03 20:21:00,www.homeimprovementpages.com.au,connect,sfelectrics,button_click
484,66032,2017-02-02 20:12:34,www.homeimprovementpages.com.au,get_quotes_simple,,button_click
485,66032,2017-01-01 20:22:00,www.homeimprovementpages.com.au,find,electricians,claim
486,66032,2017-02-02 20:26:07,www.homeimprovementpages.com.au,find,plumbers,page_view
487,66032,2017-02-04 20:22:00,www.homeimprovementpages.com.au,find,plumbers,list_directory
488,66032,2017-04-02 20:22:00,www.homeimprovementpages.com.au,get_quotes_simple,,page_view
489,66032,2017-02-05 20:22:00,www.homeimprovementpages.com.au,find,electricians,button_click
490,66032,2017-02-08 20:22:00,www.homeimprovementpages.com.au,get_quotes_simple,,button_click
491,66032,2017-02-12 20:22:00,www.homeimprovementpages.com.au,find,electricians,claim
492,66032,2017-02-02 20:22:00,www.homeimprovementpages.com.au,articles,,page_view
493,66374,2017-01-03 20:21:00,www.homeimprovementpages.com.au,articles,,page_view
494,66374,2017-02-02 20:12:34,www.homeimprovementpages.com.au,connect,sfelectrics,page_view
495,66374,2017-01-01 20:22:00,www.homeimprovementpages.com.au,get_quotes_simple,,page_view
496,66374,2017-02-02 20:26:07,www.homeimprovementpages.com.au,advertise,,button_click
497,66374,2017-02-02 20:22:00,www.homeimprovementpages.com.au,photos,bathrooms,page_view
498,66374,2017-02-02 20:23:00,www.homeimprovementpages.com.au,find,electricians,list_directory
499,66374,2017-02-02 20:26:00,www.homeimprovementpages.com.au,articles,,page_view
